file,line,type,commit,author,date,time,timezone,datetime,depth,length
style.css,1,css,6ba27399,edmondjy,2026-04-08,22:13:05,-07:00,2026-04-08T22:13:05-07:00,0,5
style.css,2,css,6ba27399,edmondjy,2026-04-08,22:13:05,-07:00,2026-04-08T22:13:05-07:00,1,31
style.css,3,css,6ba27399,edmondjy,2026-04-08,22:13:05,-07:00,2026-04-08T22:13:05-07:00,0,0
style.css,4,css,6ba27399,edmondjy,2026-04-08,22:13:05,-07:00,2026-04-08T22:13:05-07:00,0,0
style.css,5,css,b49199c6,edmondjy,2026-04-17,00:35:11,-07:00,2026-04-17T00:35:11-07:00,0,4
style.css,6,css,b49199c6,edmondjy,2026-04-17,00:35:11,-07:00,2026-04-17T00:35:11-07:00,1,23
style.css,7,css,b49199c6,edmondjy,2026-04-17,00:35:11,-07:00,2026-04-17T00:35:11-07:00,0,0
style.css,8,css,b49199c6,edmondjy,2026-04-17,00:35:11,-07:00,2026-04-17T00:35:11-07:00,0,0
style.css,9,css,ef5993ef,edmondjy,2026-04-03,12:34:04,-07:00,2026-04-03T12:34:04-07:00,0,4
style.css,10,css,6b0db32d,edmondjy,2026-04-23,16:00:08,-07:00,2026-04-23T16:00:08-07:00,1,16
style.css,11,css,6b0db32d,edmondjy,2026-04-23,16:00:08,-07:00,2026-04-23T16:00:08-07:00,1,18
style.css,12,css,6b0db32d,edmondjy,2026-04-23,16:00:08,-07:00,2026-04-23T16:00:08-07:00,1,18
style.css,13,css,ef5993ef,edmondjy,2026-04-03,12:34:04,-07:00,2026-04-03T12:34:04-07:00,1,23
style.css,14,css,6ba27399,edmondjy,2026-04-08,22:13:05,-07:00,2026-04-08T22:13:05-07:00,1,20
style.css,15,css,6ba27399,edmondjy,2026-04-08,22:13:05,-07:00,2026-04-08T22:13:05-07:00,1,32
style.css,16,css,6ba27399,edmondjy,2026-04-08,22:13:05,-07:00,2026-04-08T22:13:05-07:00,0,0
style.css,17,css,6ba27399,edmondjy,2026-04-08,22:13:05,-07:00,2026-04-08T22:13:05-07:00,0,0
style.css,18,css,b49199c6,edmondjy,2026-04-17,00:35:11,-07:00,2026-04-17T00:35:11-07:00,0,13
style.css,19,css,b49199c6,edmondjy,2026-04-17,00:35:11,-07:00,2026-04-17T00:35:11-07:00,1,17
style.css,20,css,b49199c6,edmondjy,2026-04-17,00:35:11,-07:00,2026-04-17T00:35:11-07:00,1,8
style.css,21,css,b49199c6,edmondjy,2026-04-17,00:35:11,-07:00,2026-04-17T00:35:11-07:00,1,10
style.css,22,css,b49199c6,edmondjy,2026-04-17,00:35:11,-07:00,2026-04-17T00:35:11-07:00,1,16
style.css,23,css,b49199c6,edmondjy,2026-04-17,00:35:11,-07:00,2026-04-17T00:35:11-07:00,1,19
style.css,24,css,b49199c6,edmondjy,2026-04-17,00:35:11,-07:00,2026-04-17T00:35:11-07:00,1,19
style.css,25,css,b49199c6,edmondjy,2026-04-17,00:35:11,-07:00,2026-04-17T00:35:11-07:00,1,18
style.css,26,css,b49199c6,edmondjy,2026-04-17,00:35:11,-07:00,2026-04-17T00:35:11-07:00,1,10
style.css,27,css,b49199c6,edmondjy,2026-04-17,00:35:11,-07:00,2026-04-17T00:35:11-07:00,1,10
style.css,28,css,b49199c6,edmondjy,2026-04-17,00:35:11,-07:00,2026-04-17T00:35:11-07:00,0,0
style.css,29,css,b49199c6,edmondjy,2026-04-17,00:35:11,-07:00,2026-04-17T00:35:11-07:00,0,0
style.css,30,css,b49199c6,edmondjy,2026-04-17,00:35:11,-07:00,2026-04-17T00:35:11-07:00,0,20
style.css,31,css,b49199c6,edmondjy,2026-04-17,00:35:11,-07:00,2026-04-17T00:35:11-07:00,1,12
style.css,32,css,b49199c6,edmondjy,2026-04-17,00:35:11,-07:00,2026-04-17T00:35:11-07:00,0,0
style.css,33,css,b49199c6,edmondjy,2026-04-17,00:35:11,-07:00,2026-04-17T00:35:11-07:00,0,0
style.css,34,css,6ba27399,edmondjy,2026-04-08,22:13:05,-07:00,2026-04-08T22:13:05-07:00,0,3
style.css,35,css,b49199c6,edmondjy,2026-04-17,00:35:11,-07:00,2026-04-17T00:35:11-07:00,1,39
style.css,36,css,6ba27399,edmondjy,2026-04-08,22:13:05,-07:00,2026-04-08T22:13:05-07:00,1,17
style.css,37,css,6ba27399,edmondjy,2026-04-08,22:13:05,-07:00,2026-04-08T22:13:05-07:00,1,17
style.css,38,css,b49199c6,edmondjy,2026-04-17,00:35:11,-07:00,2026-04-17T00:35:11-07:00,1,43
style.css,39,css,6ba27399,edmondjy,2026-04-08,22:13:05,-07:00,2026-04-08T22:13:05-07:00,0,0
style.css,40,css,6ba27399,edmondjy,2026-04-08,22:13:05,-07:00,2026-04-08T22:13:05-07:00,0,0
style.css,41,css,6ba27399,edmondjy,2026-04-08,22:13:05,-07:00,2026-04-08T22:13:05-07:00,0,5
style.css,42,css,6ba27399,edmondjy,2026-04-08,22:13:05,-07:00,2026-04-08T22:13:05-07:00,1,20
style.css,43,css,b49199c6,edmondjy,2026-04-17,00:35:11,-07:00,2026-04-17T00:35:11-07:00,1,19
style.css,44,css,6ba27399,edmondjy,2026-04-08,22:13:05,-07:00,2026-04-08T22:13:05-07:00,1,13
style.css,45,css,6ba27399,edmondjy,2026-04-08,22:13:05,-07:00,2026-04-08T22:13:05-07:00,1,20
style.css,46,css,6ba27399,edmondjy,2026-04-08,22:13:05,-07:00,2026-04-08T22:13:05-07:00,0,0
style.css,47,css,6ba27399,edmondjy,2026-04-08,22:13:05,-07:00,2026-04-08T22:13:05-07:00,0,0
style.css,48,css,b49199c6,edmondjy,2026-04-17,00:35:11,-07:00,2026-04-17T00:35:11-07:00,0,13
style.css,49,css,b49199c6,edmondjy,2026-04-17,00:35:11,-07:00,2026-04-17T00:35:11-07:00,1,45
style.css,50,css,6ba27399,edmondjy,2026-04-08,22:13:05,-07:00,2026-04-08T22:13:05-07:00,1,20
style.css,51,css,6ba27399,edmondjy,2026-04-08,22:13:05,-07:00,2026-04-08T22:13:05-07:00,0,0
style.css,52,css,6ba27399,edmondjy,2026-04-08,22:13:05,-07:00,2026-04-08T22:13:05-07:00,0,0
style.css,53,css,6ba27399,edmondjy,2026-04-08,22:13:05,-07:00,2026-04-08T22:13:05-07:00,0,11
style.css,54,css,6ba27399,edmondjy,2026-04-08,22:13:05,-07:00,2026-04-08T22:13:05-07:00,1,45
style.css,55,css,6ba27399,edmondjy,2026-04-08,22:13:05,-07:00,2026-04-08T22:13:05-07:00,1,20
style.css,56,css,b49199c6,edmondjy,2026-04-17,00:35:11,-07:00,2026-04-17T00:35:11-07:00,1,69
style.css,57,css,6ba27399,edmondjy,2026-04-08,22:13:05,-07:00,2026-04-08T22:13:05-07:00,0,0
style.css,58,css,6ba27399,edmondjy,2026-04-08,22:13:05,-07:00,2026-04-08T22:13:05-07:00,0,0
style.css,59,css,6ba27399,edmondjy,2026-04-08,22:13:05,-07:00,2026-04-08T22:13:05-07:00,0,4
style.css,60,css,6ba27399,edmondjy,2026-04-08,22:13:05,-07:00,2026-04-08T22:13:05-07:00,0,7
style.css,61,css,6ba27399,edmondjy,2026-04-08,22:13:05,-07:00,2026-04-08T22:13:05-07:00,0,6
style.css,62,css,6ba27399,edmondjy,2026-04-08,22:13:05,-07:00,2026-04-08T22:13:05-07:00,1,12
style.css,63,css,6ba27399,edmondjy,2026-04-08,22:13:05,-07:00,2026-04-08T22:13:05-07:00,1,13
style.css,64,css,6ba27399,edmondjy,2026-04-08,22:13:05,-07:00,2026-04-08T22:13:05-07:00,1,10
style.css,65,css,6ba27399,edmondjy,2026-04-08,22:13:05,-07:00,2026-04-08T22:13:05-07:00,1,21
style.css,66,css,6ba27399,edmondjy,2026-04-08,22:13:05,-07:00,2026-04-08T22:13:05-07:00,0,0
style.css,67,css,6ba27399,edmondjy,2026-04-08,22:13:05,-07:00,2026-04-08T22:13:05-07:00,0,0
style.css,68,css,6ba27399,edmondjy,2026-04-08,22:13:05,-07:00,2026-04-08T22:13:05-07:00,0,6
style.css,69,css,6ba27399,edmondjy,2026-04-08,22:13:05,-07:00,2026-04-08T22:13:05-07:00,1,18
style.css,70,css,6ba27399,edmondjy,2026-04-08,22:13:05,-07:00,2026-04-08T22:13:05-07:00,0,0
style.css,71,css,6ba27399,edmondjy,2026-04-08,22:13:05,-07:00,2026-04-08T22:13:05-07:00,0,0
style.css,72,css,6ba27399,edmondjy,2026-04-08,22:13:05,-07:00,2026-04-08T22:13:05-07:00,0,4
style.css,73,css,6ba27399,edmondjy,2026-04-08,22:13:05,-07:00,2026-04-08T22:13:05-07:00,1,12
style.css,74,css,6ba27399,edmondjy,2026-04-08,22:13:05,-07:00,2026-04-08T22:13:05-07:00,1,30
style.css,75,css,6ba27399,edmondjy,2026-04-08,22:13:05,-07:00,2026-04-08T22:13:05-07:00,1,7
style.css,76,css,6ba27399,edmondjy,2026-04-08,22:13:05,-07:00,2026-04-08T22:13:05-07:00,1,18
style.css,77,css,6ba27399,edmondjy,2026-04-08,22:13:05,-07:00,2026-04-08T22:13:05-07:00,0,0
style.css,78,css,6ba27399,edmondjy,2026-04-08,22:13:05,-07:00,2026-04-08T22:13:05-07:00,0,0
style.css,79,css,6ba27399,edmondjy,2026-04-08,22:13:05,-07:00,2026-04-08T22:13:05-07:00,0,5
style.css,80,css,6ba27399,edmondjy,2026-04-08,22:13:05,-07:00,2026-04-08T22:13:05-07:00,1,12
style.css,81,css,6ba27399,edmondjy,2026-04-08,22:13:05,-07:00,2026-04-08T22:13:05-07:00,1,29
style.css,82,css,6ba27399,edmondjy,2026-04-08,22:13:05,-07:00,2026-04-08T22:13:05-07:00,1,18
style.css,83,css,6ba27399,edmondjy,2026-04-08,22:13:05,-07:00,2026-04-08T22:13:05-07:00,1,9
style.css,84,css,6ba27399,edmondjy,2026-04-08,22:13:05,-07:00,2026-04-08T22:13:05-07:00,0,0
style.css,85,css,6ba27399,edmondjy,2026-04-08,22:13:05,-07:00,2026-04-08T22:13:05-07:00,0,0
style.css,86,css,6ba27399,edmondjy,2026-04-08,22:13:05,-07:00,2026-04-08T22:13:05-07:00,0,9
style.css,87,css,6ba27399,edmondjy,2026-04-08,22:13:05,-07:00,2026-04-08T22:13:05-07:00,1,12
style.css,88,css,6ba27399,edmondjy,2026-04-08,22:13:05,-07:00,2026-04-08T22:13:05-07:00,1,58
style.css,89,css,6ba27399,edmondjy,2026-04-08,22:13:05,-07:00,2026-04-08T22:13:05-07:00,1,9
style.css,90,css,6ba27399,edmondjy,2026-04-08,22:13:05,-07:00,2026-04-08T22:13:05-07:00,0,0
style.css,91,css,6ba27399,edmondjy,2026-04-08,22:13:05,-07:00,2026-04-08T22:13:05-07:00,0,0
style.css,92,css,6ba27399,edmondjy,2026-04-08,22:13:05,-07:00,2026-04-08T22:13:05-07:00,0,7
style.css,93,css,6ba27399,edmondjy,2026-04-08,22:13:05,-07:00,2026-04-08T22:13:05-07:00,1,12
style.css,94,css,6ba27399,edmondjy,2026-04-08,22:13:05,-07:00,2026-04-08T22:13:05-07:00,1,26
style.css,95,css,6ba27399,edmondjy,2026-04-08,22:13:05,-07:00,2026-04-08T22:13:05-07:00,1,15
style.css,96,css,6ba27399,edmondjy,2026-04-08,22:13:05,-07:00,2026-04-08T22:13:05-07:00,1,7
style.css,97,css,6ba27399,edmondjy,2026-04-08,22:13:05,-07:00,2026-04-08T22:13:05-07:00,0,0
style.css,98,css,6ba27399,edmondjy,2026-04-08,22:13:05,-07:00,2026-04-08T22:13:05-07:00,0,0
style.css,99,css,6ba27399,edmondjy,2026-04-08,22:13:05,-07:00,2026-04-08T22:13:05-07:00,0,10
style.css,100,css,6ba27399,edmondjy,2026-04-08,22:13:05,-07:00,2026-04-08T22:13:05-07:00,1,8
style.css,101,css,6ba27399,edmondjy,2026-04-08,22:13:05,-07:00,2026-04-08T22:13:05-07:00,0,0
style.css,102,css,6ba27399,edmondjy,2026-04-08,22:13:05,-07:00,2026-04-08T22:13:05-07:00,0,0
style.css,103,css,6ba27399,edmondjy,2026-04-08,22:13:05,-07:00,2026-04-08T22:13:05-07:00,0,11
style.css,104,css,6ba27399,edmondjy,2026-04-08,22:13:05,-07:00,2026-04-08T22:13:05-07:00,1,10
style.css,105,css,6ba27399,edmondjy,2026-04-08,22:13:05,-07:00,2026-04-08T22:13:05-07:00,1,13
style.css,106,css,6ba27399,edmondjy,2026-04-08,22:13:05,-07:00,2026-04-08T22:13:05-07:00,1,11
style.css,107,css,6ba27399,edmondjy,2026-04-08,22:13:05,-07:00,2026-04-08T22:13:05-07:00,0,0
style.css,108,css,6ba27399,edmondjy,2026-04-08,22:13:05,-07:00,2026-04-08T22:13:05-07:00,0,0
style.css,109,css,6ba27399,edmondjy,2026-04-08,22:13:05,-07:00,2026-04-08T22:13:05-07:00,0,22
style.css,110,css,6ba27399,edmondjy,2026-04-08,22:13:05,-07:00,2026-04-08T22:13:05-07:00,1,15
style.css,111,css,6ba27399,edmondjy,2026-04-08,22:13:05,-07:00,2026-04-08T22:13:05-07:00,1,17
style.css,112,css,6ba27399,edmondjy,2026-04-08,22:13:05,-07:00,2026-04-08T22:13:05-07:00,0,0
style.css,113,css,6ba27399,edmondjy,2026-04-08,22:13:05,-07:00,2026-04-08T22:13:05-07:00,0,0
style.css,114,css,6ba27399,edmondjy,2026-04-08,22:13:05,-07:00,2026-04-08T22:13:05-07:00,0,2
style.css,115,css,6ba27399,edmondjy,2026-04-08,22:13:05,-07:00,2026-04-08T22:13:05-07:00,1,13
style.css,116,css,6b0db32d,edmondjy,2026-04-23,16:00:08,-07:00,2026-04-23T16:00:08-07:00,0,0
style.css,117,css,6b0db32d,edmondjy,2026-04-23,16:00:08,-07:00,2026-04-23T16:00:08-07:00,0,0
style.css,118,css,6b0db32d,edmondjy,2026-04-23,16:00:08,-07:00,2026-04-23T16:00:08-07:00,0,17
style.css,119,css,6b0db32d,edmondjy,2026-04-23,16:00:08,-07:00,2026-04-23T16:00:08-07:00,1,12
style.css,120,css,6b0db32d,edmondjy,2026-04-23,16:00:08,-07:00,2026-04-23T16:00:08-07:00,1,36
style.css,121,css,6b0db32d,edmondjy,2026-04-23,16:00:08,-07:00,2026-04-23T16:00:08-07:00,1,17
style.css,122,css,6b0db32d,edmondjy,2026-04-23,16:00:08,-07:00,2026-04-23T16:00:08-07:00,1,7
style.css,123,css,6b0db32d,edmondjy,2026-04-23,16:00:08,-07:00,2026-04-23T16:00:08-07:00,0,0
style.css,124,css,6b0db32d,edmondjy,2026-04-23,16:00:08,-07:00,2026-04-23T16:00:08-07:00,0,0
style.css,125,css,6b0db32d,edmondjy,2026-04-23,16:00:08,-07:00,2026-04-23T16:00:08-07:00,0,17
style.css,126,css,6b0db32d,edmondjy,2026-04-23,16:00:08,-07:00,2026-04-23T16:00:08-07:00,1,10
style.css,127,css,6b0db32d,edmondjy,2026-04-23,16:00:08,-07:00,2026-04-23T16:00:08-07:00,1,16
style.css,128,css,6b0db32d,edmondjy,2026-04-23,16:00:08,-07:00,2026-04-23T16:00:08-07:00,1,24
style.css,129,css,6b0db32d,edmondjy,2026-04-23,16:00:08,-07:00,2026-04-23T16:00:08-07:00,1,16
style.css,130,css,6b0db32d,edmondjy,2026-04-23,16:00:08,-07:00,2026-04-23T16:00:08-07:00,1,25
style.css,131,css,6b0db32d,edmondjy,2026-04-23,16:00:08,-07:00,2026-04-23T16:00:08-07:00,0,0
style.css,132,css,6b0db32d,edmondjy,2026-04-23,16:00:08,-07:00,2026-04-23T16:00:08-07:00,0,0
style.css,133,css,6b0db32d,edmondjy,2026-04-23,16:00:08,-07:00,2026-04-23T16:00:08-07:00,0,17
style.css,134,css,6b0db32d,edmondjy,2026-04-23,16:00:08,-07:00,2026-04-23T16:00:08-07:00,1,10
style.css,135,css,6b0db32d,edmondjy,2026-04-23,16:00:08,-07:00,2026-04-23T16:00:08-07:00,1,8
style.css,136,css,6b0db32d,edmondjy,2026-04-23,16:00:08,-07:00,2026-04-23T16:00:08-07:00,1,13
style.css,137,css,03269cc4,edmondjy,2026-04-30,20:21:27,-07:00,2026-04-30T20:21:27-07:00,0,0
style.css,138,css,03269cc4,edmondjy,2026-04-30,20:21:27,-07:00,2026-04-30T20:21:27-07:00,0,0
style.css,139,css,03269cc4,edmondjy,2026-04-30,20:21:27,-07:00,2026-04-30T20:21:27-07:00,0,13
style.css,140,css,03269cc4,edmondjy,2026-04-30,20:21:27,-07:00,2026-04-30T20:21:27-07:00,1,30
style.css,141,css,03269cc4,edmondjy,2026-04-30,20:21:27,-07:00,2026-04-30T20:21:27-07:00,1,34
style.css,142,css,03269cc4,edmondjy,2026-04-30,20:21:27,-07:00,2026-04-30T20:21:27-07:00,1,10
style.css,143,css,03269cc4,edmondjy,2026-04-30,20:21:27,-07:00,2026-04-30T20:21:27-07:00,1,8
style.css,144,css,03269cc4,edmondjy,2026-04-30,20:21:27,-07:00,2026-04-30T20:21:27-07:00,0,0
style.css,145,css,03269cc4,edmondjy,2026-04-30,20:21:27,-07:00,2026-04-30T20:21:27-07:00,0,0
style.css,146,css,03269cc4,edmondjy,2026-04-30,20:21:27,-07:00,2026-04-30T20:21:27-07:00,0,18
style.css,147,css,03269cc4,edmondjy,2026-04-30,20:21:27,-07:00,2026-04-30T20:21:27-07:00,1,14
style.css,148,css,03269cc4,edmondjy,2026-04-30,20:21:27,-07:00,2026-04-30T20:21:27-07:00,1,16
style.css,149,css,03269cc4,edmondjy,2026-04-30,20:21:27,-07:00,2026-04-30T20:21:27-07:00,1,16
style.css,150,css,03269cc4,edmondjy,2026-04-30,20:21:27,-07:00,2026-04-30T20:21:27-07:00,0,0
style.css,151,css,03269cc4,edmondjy,2026-04-30,20:21:27,-07:00,2026-04-30T20:21:27-07:00,0,0
style.css,152,css,03269cc4,edmondjy,2026-04-30,20:21:27,-07:00,2026-04-30T20:21:27-07:00,0,10
style.css,153,css,03269cc4,edmondjy,2026-04-30,20:21:27,-07:00,2026-04-30T20:21:27-07:00,1,12
style.css,154,css,03269cc4,edmondjy,2026-04-30,20:21:27,-07:00,2026-04-30T20:21:27-07:00,1,18
style.css,155,css,03269cc4,edmondjy,2026-04-30,20:21:27,-07:00,2026-04-30T20:21:27-07:00,1,7
style.css,156,css,03269cc4,edmondjy,2026-04-30,20:21:27,-07:00,2026-04-30T20:21:27-07:00,1,16
style.css,157,css,03269cc4,edmondjy,2026-04-30,20:21:27,-07:00,2026-04-30T20:21:27-07:00,0,0
style.css,158,css,03269cc4,edmondjy,2026-04-30,20:21:27,-07:00,2026-04-30T20:21:27-07:00,0,0
style.css,159,css,03269cc4,edmondjy,2026-04-30,20:21:27,-07:00,2026-04-30T20:21:27-07:00,0,7
style.css,160,css,03269cc4,edmondjy,2026-04-30,20:21:27,-07:00,2026-04-30T20:21:27-07:00,1,6
style.css,161,css,03269cc4,edmondjy,2026-04-30,20:21:27,-07:00,2026-04-30T20:21:27-07:00,1,12
style.css,162,css,03269cc4,edmondjy,2026-04-30,20:21:27,-07:00,2026-04-30T20:21:27-07:00,1,57
style.css,163,css,03269cc4,edmondjy,2026-04-30,20:21:27,-07:00,2026-04-30T20:21:27-07:00,1,9
style.css,164,css,03269cc4,edmondjy,2026-04-30,20:21:27,-07:00,2026-04-30T20:21:27-07:00,1,13
style.css,165,css,03269cc4,edmondjy,2026-04-30,20:21:27,-07:00,2026-04-30T20:21:27-07:00,1,36
style.css,166,css,03269cc4,edmondjy,2026-04-30,20:21:27,-07:00,2026-04-30T20:21:27-07:00,1,17
style.css,167,css,03269cc4,edmondjy,2026-04-30,20:21:27,-07:00,2026-04-30T20:21:27-07:00,1,15
style.css,168,css,03269cc4,edmondjy,2026-04-30,20:21:27,-07:00,2026-04-30T20:21:27-07:00,1,8
style.css,169,css,03269cc4,edmondjy,2026-04-30,20:21:27,-07:00,2026-04-30T20:21:27-07:00,0,0
style.css,170,css,03269cc4,edmondjy,2026-04-30,20:21:27,-07:00,2026-04-30T20:21:27-07:00,0,0
style.css,171,css,03269cc4,edmondjy,2026-04-30,20:21:27,-07:00,2026-04-30T20:21:27-07:00,0,12
style.css,172,css,03269cc4,edmondjy,2026-04-30,20:21:27,-07:00,2026-04-30T20:21:27-07:00,1,12
style.css,173,css,03269cc4,edmondjy,2026-04-30,20:21:27,-07:00,2026-04-30T20:21:27-07:00,1,18
style.css,174,css,03269cc4,edmondjy,2026-04-30,20:21:27,-07:00,2026-04-30T20:21:27-07:00,1,9
style.css,175,css,03269cc4,edmondjy,2026-04-30,20:21:27,-07:00,2026-04-30T20:21:27-07:00,0,0
style.css,176,css,03269cc4,edmondjy,2026-04-30,20:21:27,-07:00,2026-04-30T20:21:27-07:00,0,0
style.css,177,css,03269cc4,edmondjy,2026-04-30,20:21:27,-07:00,2026-04-30T20:21:27-07:00,0,7
style.css,178,css,03269cc4,edmondjy,2026-04-30,20:21:27,-07:00,2026-04-30T20:21:27-07:00,1,11
style.css,179,css,03269cc4,edmondjy,2026-04-30,20:21:27,-07:00,2026-04-30T20:21:27-07:00,1,18
style.css,180,css,03269cc4,edmondjy,2026-04-30,20:21:27,-07:00,2026-04-30T20:21:27-07:00,1,29
style.css,181,css,03269cc4,edmondjy,2026-04-30,20:21:27,-07:00,2026-04-30T20:21:27-07:00,1,17
style.css,182,css,03269cc4,edmondjy,2026-04-30,20:21:27,-07:00,2026-04-30T20:21:27-07:00,1,20
style.css,183,css,03269cc4,edmondjy,2026-04-30,20:21:27,-07:00,2026-04-30T20:21:27-07:00,0,0
style.css,184,css,03269cc4,edmondjy,2026-04-30,20:21:27,-07:00,2026-04-30T20:21:27-07:00,0,0
style.css,185,css,03269cc4,edmondjy,2026-04-30,20:21:27,-07:00,2026-04-30T20:21:27-07:00,0,10
style.css,186,css,03269cc4,edmondjy,2026-04-30,20:21:27,-07:00,2026-04-30T20:21:27-07:00,1,10
style.css,187,css,03269cc4,edmondjy,2026-04-30,20:21:27,-07:00,2026-04-30T20:21:27-07:00,1,14
style.css,188,css,03269cc4,edmondjy,2026-04-30,20:21:27,-07:00,2026-04-30T20:21:27-07:00,1,15
style.css,189,css,03269cc4,edmondjy,2026-04-30,20:21:27,-07:00,2026-04-30T20:21:27-07:00,1,17
style.css,190,css,03269cc4,edmondjy,2026-04-30,20:21:27,-07:00,2026-04-30T20:21:27-07:00,1,36
style.css,191,css,03269cc4,edmondjy,2026-04-30,20:21:27,-07:00,2026-04-30T20:21:27-07:00,1,17
style.css,192,css,03269cc4,edmondjy,2026-04-30,20:21:27,-07:00,2026-04-30T20:21:27-07:00,0,0
style.css,193,css,03269cc4,edmondjy,2026-04-30,20:21:27,-07:00,2026-04-30T20:21:27-07:00,0,0
style.css,194,css,03269cc4,edmondjy,2026-04-30,20:21:27,-07:00,2026-04-30T20:21:27-07:00,0,51
style.css,195,css,03269cc4,edmondjy,2026-04-30,20:21:27,-07:00,2026-04-30T20:21:27-07:00,1,11
style.css,196,css,03269cc4,edmondjy,2026-04-30,20:21:27,-07:00,2026-04-30T20:21:27-07:00,0,0
style.css,197,css,03269cc4,edmondjy,2026-04-30,20:21:27,-07:00,2026-04-30T20:21:27-07:00,0,0
style.css,198,css,03269cc4,edmondjy,2026-04-30,20:21:27,-07:00,2026-04-30T20:21:27-07:00,0,9
style.css,199,css,03269cc4,edmondjy,2026-04-30,20:21:27,-07:00,2026-04-30T20:21:27-07:00,1,35
style.css,200,css,03269cc4,edmondjy,2026-04-30,20:21:27,-07:00,2026-04-30T20:21:27-07:00,0,0
style.css,201,css,03269cc4,edmondjy,2026-04-30,20:21:27,-07:00,2026-04-30T20:21:27-07:00,0,0
style.css,202,css,03269cc4,edmondjy,2026-04-30,20:21:27,-07:00,2026-04-30T20:21:27-07:00,0,13
style.css,203,css,03269cc4,edmondjy,2026-04-30,20:21:27,-07:00,2026-04-30T20:21:27-07:00,1,17
style.css,204,css,03269cc4,edmondjy,2026-04-30,20:21:27,-07:00,2026-04-30T20:21:27-07:00,0,0
style.css,205,css,03269cc4,edmondjy,2026-04-30,20:21:27,-07:00,2026-04-30T20:21:27-07:00,0,0
style.css,206,css,03269cc4,edmondjy,2026-04-30,20:21:27,-07:00,2026-04-30T20:21:27-07:00,0,4
style.css,207,css,03269cc4,edmondjy,2026-04-30,20:21:27,-07:00,2026-04-30T20:21:27-07:00,1,14
style.css,208,css,ef5993ef,edmondjy,2026-04-03,12:34:04,-07:00,2026-04-03T12:34:04-07:00,0,0
index.js,1,js,6b0db32d,edmondjy,2026-04-23,16:00:08,-07:00,2026-04-23T16:00:08-07:00,0,71
index.js,2,js,6b0db32d,edmondjy,2026-04-23,16:00:08,-07:00,2026-04-23T16:00:08-07:00,0,0
index.js,3,js,6b0db32d,edmondjy,2026-04-23,16:00:08,-07:00,2026-04-23T16:00:08-07:00,0,54
index.js,4,js,6b0db32d,edmondjy,2026-04-23,16:00:08,-07:00,2026-04-23T16:00:08-07:00,0,42
index.js,5,js,6b0db32d,edmondjy,2026-04-23,16:00:08,-07:00,2026-04-23T16:00:08-07:00,0,0
index.js,6,js,6b0db32d,edmondjy,2026-04-23,16:00:08,-07:00,2026-04-23T16:00:08-07:00,0,60
index.js,7,js,6b0db32d,edmondjy,2026-04-23,16:00:08,-07:00,2026-04-23T16:00:08-07:00,0,0
index.js,8,js,6b0db32d,edmondjy,2026-04-23,16:00:08,-07:00,2026-04-23T16:00:08-07:00,0,54
index.js,9,js,6b0db32d,edmondjy,2026-04-23,16:00:08,-07:00,2026-04-23T16:00:08-07:00,0,0
index.js,10,js,6b0db32d,edmondjy,2026-04-23,16:00:08,-07:00,2026-04-23T16:00:08-07:00,0,51
index.js,11,js,6b0db32d,edmondjy,2026-04-23,16:00:08,-07:00,2026-04-23T16:00:08-07:00,0,0
index.js,12,js,6b0db32d,edmondjy,2026-04-23,16:00:08,-07:00,2026-04-23T16:00:08-07:00,0,60
index.js,13,js,6b0db32d,edmondjy,2026-04-23,16:00:08,-07:00,2026-04-23T16:00:08-07:00,0,0
index.js,14,js,6b0db32d,edmondjy,2026-04-23,16:00:08,-07:00,2026-04-23T16:00:08-07:00,0,31
index.js,15,js,6b0db32d,edmondjy,2026-04-23,16:00:08,-07:00,2026-04-23T16:00:08-07:00,1,24
index.js,16,js,6b0db32d,edmondjy,2026-04-23,16:00:08,-07:00,2026-04-23T16:00:08-07:00,4,2
index.js,17,js,6b0db32d,edmondjy,2026-04-23,16:00:08,-07:00,2026-04-23T16:00:08-07:00,5,55
index.js,18,js,6b0db32d,edmondjy,2026-04-23,16:00:08,-07:00,2026-04-23T16:00:08-07:00,5,55
index.js,19,js,6b0db32d,edmondjy,2026-04-23,16:00:08,-07:00,2026-04-23T16:00:08-07:00,5,49
index.js,20,js,6b0db32d,edmondjy,2026-04-23,16:00:08,-07:00,2026-04-23T16:00:08-07:00,5,49
index.js,21,js,6b0db32d,edmondjy,2026-04-23,16:00:08,-07:00,2026-04-23T16:00:08-07:00,4,3
index.js,22,js,6b0db32d,edmondjy,2026-04-23,16:00:08,-07:00,2026-04-23T16:00:08-07:00,2,0
index.js,23,js,6b0db32d,edmondjy,2026-04-23,16:00:08,-07:00,2026-04-23T16:00:08-07:00,0,0
index.html,1,html,55137470,edmondjy,2026-04-03,12:16:55,-07:00,2026-04-03T12:16:55-07:00,0,13
index.html,2,html,55137470,edmondjy,2026-04-03,12:16:55,-07:00,2026-04-03T12:16:55-07:00,0,14
index.html,3,html,55137470,edmondjy,2026-04-03,12:16:55,-07:00,2026-04-03T12:16:55-07:00,0,4
index.html,4,html,55137470,edmondjy,2026-04-03,12:16:55,-07:00,2026-04-03T12:16:55-07:00,2,20
index.html,5,html,55137470,edmondjy,2026-04-03,12:16:55,-07:00,2026-04-03T12:16:55-07:00,2,68
index.html,6,html,55137470,edmondjy,2026-04-03,12:16:55,-07:00,2026-04-03T12:16:55-07:00,2,53
index.html,7,html,ef5993ef,edmondjy,2026-04-03,12:34:04,-07:00,2026-04-03T12:34:04-07:00,2,38
index.html,8,html,b49199c6,edmondjy,2026-04-17,00:35:11,-07:00,2026-04-17T00:35:11-07:00,2,45
index.html,9,html,55137470,edmondjy,2026-04-03,12:16:55,-07:00,2026-04-03T12:16:55-07:00,0,5
index.html,10,html,55137470,edmondjy,2026-04-03,12:16:55,-07:00,2026-04-03T12:16:55-07:00,0,4
index.html,11,html,275d66e7,edmondjy,2026-04-03,23:32:57,-07:00,2026-04-03T23:32:57-07:00,2,6
index.html,12,html,6ba27399,edmondjy,2026-04-08,22:13:05,-07:00,2026-04-08T22:13:05-07:00,4,20
index.html,13,html,275d66e7,edmondjy,2026-04-03,23:32:57,-07:00,2026-04-03T23:32:57-07:00,2,7
index.html,14,html,275d66e7,edmondjy,2026-04-03,23:32:57,-07:00,2026-04-03T23:32:57-07:00,0,0
index.html,15,html,275d66e7,edmondjy,2026-04-03,23:32:57,-07:00,2026-04-03T23:32:57-07:00,2,7
index.html,16,html,275d66e7,edmondjy,2026-04-03,23:32:57,-07:00,2026-04-03T23:32:57-07:00,4,206
index.html,17,html,275d66e7,edmondjy,2026-04-03,23:32:57,-07:00,2026-04-03T23:32:57-07:00,4,128
index.html,18,html,275d66e7,edmondjy,2026-04-03,23:32:57,-07:00,2026-04-03T23:32:57-07:00,2,8
index.html,19,html,6b0db32d,edmondjy,2026-04-23,16:00:08,-07:00,2026-04-23T16:00:08-07:00,0,0
index.html,20,html,6b0db32d,edmondjy,2026-04-23,16:00:08,-07:00,2026-04-23T16:00:08-07:00,2,7
index.html,21,html,6b0db32d,edmondjy,2026-04-23,16:00:08,-07:00,2026-04-23T16:00:08-07:00,4,22
index.html,22,html,6b0db32d,edmondjy,2026-04-23,16:00:08,-07:00,2026-04-23T16:00:08-07:00,4,20
index.html,23,html,6b0db32d,edmondjy,2026-04-23,16:00:08,-07:00,2026-04-23T16:00:08-07:00,4,4
index.html,24,html,6b0db32d,edmondjy,2026-04-23,16:00:08,-07:00,2026-04-23T16:00:08-07:00,2,8
index.html,25,html,6b0db32d,edmondjy,2026-04-23,16:00:08,-07:00,2026-04-23T16:00:08-07:00,0,0
index.html,26,html,6b0db32d,edmondjy,2026-04-23,16:00:08,-07:00,2026-04-23T16:00:08-07:00,2,26
index.html,27,html,6b0db32d,edmondjy,2026-04-23,16:00:08,-07:00,2026-04-23T16:00:08-07:00,2,8
index.html,28,html,6b0db32d,edmondjy,2026-04-23,16:00:08,-07:00,2026-04-23T16:00:08-07:00,0,0
index.html,29,html,6b0db32d,edmondjy,2026-04-23,16:00:08,-07:00,2026-04-23T16:00:08-07:00,2,50
index.html,30,html,55137470,edmondjy,2026-04-03,12:16:55,-07:00,2026-04-03T12:16:55-07:00,0,5
index.html,31,html,55137470,edmondjy,2026-04-03,12:16:55,-07:00,2026-04-03T12:16:55-07:00,0,5
global.js,1,js,b49199c6,edmondjy,2026-04-17,00:35:11,-07:00,2026-04-17T00:35:11-07:00,0,25
global.js,2,js,b49199c6,edmondjy,2026-04-17,00:35:11,-07:00,2026-04-17T00:35:11-07:00,0,0
global.js,3,js,b49199c6,edmondjy,2026-04-17,00:35:11,-07:00,2026-04-17T00:35:11-07:00,0,41
global.js,4,js,b49199c6,edmondjy,2026-04-17,00:35:11,-07:00,2026-04-17T00:35:11-07:00,1,52
global.js,5,js,b49199c6,edmondjy,2026-04-17,00:35:11,-07:00,2026-04-17T00:35:11-07:00,0,0
global.js,6,js,b49199c6,edmondjy,2026-04-17,00:35:11,-07:00,2026-04-17T00:35:11-07:00,0,0
global.js,7,js,b49199c6,edmondjy,2026-04-17,00:35:11,-07:00,2026-04-17T00:35:11-07:00,0,13
global.js,8,js,b49199c6,edmondjy,2026-04-17,00:35:11,-07:00,2026-04-17T00:35:11-07:00,1,35
global.js,9,js,b49199c6,edmondjy,2026-04-17,00:35:11,-07:00,2026-04-17T00:35:11-07:00,1,48
global.js,10,js,b49199c6,edmondjy,2026-04-17,00:35:11,-07:00,2026-04-17T00:35:11-07:00,1,44
global.js,11,js,b49199c6,edmondjy,2026-04-17,00:35:11,-07:00,2026-04-17T00:35:11-07:00,1,46
global.js,12,js,00000000,Not Committed Yet,2026-05-08,16:38:26,-07:00,2026-05-08T16:38:26-07:00,1,40
global.js,13,js,b49199c6,edmondjy,2026-04-17,00:35:11,-07:00,2026-04-17T00:35:11-07:00,1,54
global.js,14,js,b49199c6,edmondjy,2026-04-17,00:35:11,-07:00,2026-04-17T00:35:11-07:00,0,0
global.js,15,js,b49199c6,edmondjy,2026-04-17,00:35:11,-07:00,2026-04-17T00:35:11-07:00,0,0
global.js,16,js,b49199c6,edmondjy,2026-04-17,00:35:11,-07:00,2026-04-17T00:35:11-07:00,0,88
global.js,17,js,b49199c6,edmondjy,2026-04-17,00:35:11,-07:00,2026-04-17T00:35:11-07:00,1,3
global.js,18,js,b49199c6,edmondjy,2026-04-17,00:35:11,-07:00,2026-04-17T00:35:11-07:00,1,45
global.js,19,js,b49199c6,edmondjy,2026-04-17,00:35:11,-07:00,2026-04-17T00:35:11-07:00,0,0
global.js,20,js,b49199c6,edmondjy,2026-04-17,00:35:11,-07:00,2026-04-17T00:35:11-07:00,0,32
global.js,21,js,b49199c6,edmondjy,2026-04-17,00:35:11,-07:00,2026-04-17T00:35:11-07:00,1,42
global.js,22,js,b49199c6,edmondjy,2026-04-17,00:35:11,-07:00,2026-04-17T00:35:11-07:00,0,0
global.js,23,js,b49199c6,edmondjy,2026-04-17,00:35:11,-07:00,2026-04-17T00:35:11-07:00,0,0
global.js,24,js,b49199c6,edmondjy,2026-04-17,00:35:11,-07:00,2026-04-17T00:35:11-07:00,0,34
global.js,25,js,b49199c6,edmondjy,2026-04-17,00:35:11,-07:00,2026-04-17T00:35:11-07:00,1,44
global.js,26,js,b49199c6,edmondjy,2026-04-17,00:35:11,-07:00,2026-04-17T00:35:11-07:00,1,31
global.js,27,js,b49199c6,edmondjy,2026-04-17,00:35:11,-07:00,2026-04-17T00:35:11-07:00,1,28
global.js,28,js,b49199c6,edmondjy,2026-04-17,00:35:11,-07:00,2026-04-17T00:35:11-07:00,0,0
global.js,29,js,b49199c6,edmondjy,2026-04-17,00:35:11,-07:00,2026-04-17T00:35:11-07:00,1,46
global.js,30,js,b49199c6,edmondjy,2026-04-17,00:35:11,-07:00,2026-04-17T00:35:11-07:00,1,15
global.js,31,js,b49199c6,edmondjy,2026-04-17,00:35:11,-07:00,2026-04-17T00:35:11-07:00,2,41
global.js,32,js,b49199c6,edmondjy,2026-04-17,00:35:11,-07:00,2026-04-17T00:35:11-07:00,2,32
global.js,33,js,b49199c6,edmondjy,2026-04-17,00:35:11,-07:00,2026-04-17T00:35:11-07:00,2,30
global.js,34,js,b49199c6,edmondjy,2026-04-17,00:35:11,-07:00,2026-04-17T00:35:11-07:00,1,0
global.js,35,js,b49199c6,edmondjy,2026-04-17,00:35:11,-07:00,2026-04-17T00:35:11-07:00,0,0
global.js,36,js,b49199c6,edmondjy,2026-04-17,00:35:11,-07:00,2026-04-17T00:35:11-07:00,1,31
global.js,37,js,b49199c6,edmondjy,2026-04-17,00:35:11,-07:00,2026-04-17T00:35:11-07:00,2,46
global.js,38,js,b49199c6,edmondjy,2026-04-17,00:35:11,-07:00,2026-04-17T00:35:11-07:00,2,30
global.js,39,js,b49199c6,edmondjy,2026-04-17,00:35:11,-07:00,2026-04-17T00:35:11-07:00,2,35
global.js,40,js,b49199c6,edmondjy,2026-04-17,00:35:11,-07:00,2026-04-17T00:35:11-07:00,2,20
global.js,41,js,b49199c6,edmondjy,2026-04-17,00:35:11,-07:00,2026-04-17T00:35:11-07:00,1,0
global.js,42,js,b49199c6,edmondjy,2026-04-17,00:35:11,-07:00,2026-04-17T00:35:11-07:00,0,0
global.js,43,js,b49199c6,edmondjy,2026-04-17,00:35:11,-07:00,2026-04-17T00:35:11-07:00,1,19
global.js,44,js,b49199c6,edmondjy,2026-04-17,00:35:11,-07:00,2026-04-17T00:35:11-07:00,1,27
global.js,45,js,b49199c6,edmondjy,2026-04-17,00:35:11,-07:00,2026-04-17T00:35:11-07:00,0,0
global.js,46,js,b49199c6,edmondjy,2026-04-17,00:35:11,-07:00,2026-04-17T00:35:11-07:00,1,90
global.js,47,js,b49199c6,edmondjy,2026-04-17,00:35:11,-07:00,2026-04-17T00:35:11-07:00,1,25
global.js,48,js,b49199c6,edmondjy,2026-04-17,00:35:11,-07:00,2026-04-17T00:35:11-07:00,1,71
global.js,49,js,b49199c6,edmondjy,2026-04-17,00:35:11,-07:00,2026-04-17T00:35:11-07:00,0,0
global.js,50,js,b49199c6,edmondjy,2026-04-17,00:35:11,-07:00,2026-04-17T00:35:11-07:00,1,43
global.js,51,js,b49199c6,edmondjy,2026-04-17,00:35:11,-07:00,2026-04-17T00:35:11-07:00,2,32
global.js,52,js,b49199c6,edmondjy,2026-04-17,00:35:11,-07:00,2026-04-17T00:35:11-07:00,2,65
global.js,53,js,b49199c6,edmondjy,2026-04-17,00:35:11,-07:00,2026-04-17T00:35:11-07:00,2,32
global.js,54,js,b49199c6,edmondjy,2026-04-17,00:35:11,-07:00,2026-04-17T00:35:11-07:00,1,1
global.js,55,js,b49199c6,edmondjy,2026-04-17,00:35:11,-07:00,2026-04-17T00:35:11-07:00,0,0
global.js,56,js,b49199c6,edmondjy,2026-04-17,00:35:11,-07:00,2026-04-17T00:35:11-07:00,0,0
global.js,57,js,b49199c6,edmondjy,2026-04-17,00:35:11,-07:00,2026-04-17T00:35:11-07:00,0,24
global.js,58,js,b49199c6,edmondjy,2026-04-17,00:35:11,-07:00,2026-04-17T00:35:11-07:00,0,0
global.js,59,js,b49199c6,edmondjy,2026-04-17,00:35:11,-07:00,2026-04-17T00:35:11-07:00,0,38
global.js,60,js,b49199c6,edmondjy,2026-04-17,00:35:11,-07:00,2026-04-17T00:35:11-07:00,0,25
global.js,61,js,b49199c6,edmondjy,2026-04-17,00:35:11,-07:00,2026-04-17T00:35:11-07:00,0,0
global.js,62,js,b49199c6,edmondjy,2026-04-17,00:35:11,-07:00,2026-04-17T00:35:11-07:00,0,20
global.js,63,js,b49199c6,edmondjy,2026-04-17,00:35:11,-07:00,2026-04-17T00:35:11-07:00,1,14
global.js,64,js,b49199c6,edmondjy,2026-04-17,00:35:11,-07:00,2026-04-17T00:35:11-07:00,1,18
global.js,65,js,b49199c6,edmondjy,2026-04-17,00:35:11,-07:00,2026-04-17T00:35:11-07:00,0,0
global.js,66,js,b49199c6,edmondjy,2026-04-17,00:35:11,-07:00,2026-04-17T00:35:11-07:00,1,28
global.js,67,js,b49199c6,edmondjy,2026-04-17,00:35:11,-07:00,2026-04-17T00:35:11-07:00,2,20
global.js,68,js,b49199c6,edmondjy,2026-04-17,00:35:11,-07:00,2026-04-17T00:35:11-07:00,1,0
global.js,69,js,b49199c6,edmondjy,2026-04-17,00:35:11,-07:00,2026-04-17T00:35:11-07:00,0,0
global.js,70,js,b49199c6,edmondjy,2026-04-17,00:35:11,-07:00,2026-04-17T00:35:11-07:00,1,34
global.js,71,js,b49199c6,edmondjy,2026-04-17,00:35:11,-07:00,2026-04-17T00:35:11-07:00,1,11
global.js,72,js,b49199c6,edmondjy,2026-04-17,00:35:11,-07:00,2026-04-17T00:35:11-07:00,1,20
global.js,73,js,b49199c6,edmondjy,2026-04-17,00:35:11,-07:00,2026-04-17T00:35:11-07:00,1,17
global.js,74,js,b49199c6,edmondjy,2026-04-17,00:35:11,-07:00,2026-04-17T00:35:11-07:00,2,8
global.js,75,js,b49199c6,edmondjy,2026-04-17,00:35:11,-07:00,2026-04-17T00:35:11-07:00,2,89
global.js,76,js,b49199c6,edmondjy,2026-04-17,00:35:11,-07:00,2026-04-17T00:35:11-07:00,1,0
global.js,77,js,b49199c6,edmondjy,2026-04-17,00:35:11,-07:00,2026-04-17T00:35:11-07:00,0,0
global.js,78,js,b49199c6,edmondjy,2026-04-17,00:35:11,-07:00,2026-04-17T00:35:11-07:00,1,29
global.js,79,js,b49199c6,edmondjy,2026-04-17,00:35:11,-07:00,2026-04-17T00:35:11-07:00,2,18
global.js,80,js,b49199c6,edmondjy,2026-04-17,00:35:11,-07:00,2026-04-17T00:35:11-07:00,2,28
global.js,81,js,b49199c6,edmondjy,2026-04-17,00:35:11,-07:00,2026-04-17T00:35:11-07:00,1,0
global.js,82,js,b49199c6,edmondjy,2026-04-17,00:35:11,-07:00,2026-04-17T00:35:11-07:00,0,0
global.js,83,js,b49199c6,edmondjy,2026-04-17,00:35:11,-07:00,2026-04-17T00:35:11-07:00,1,12
global.js,84,js,b49199c6,edmondjy,2026-04-17,00:35:11,-07:00,2026-04-17T00:35:11-07:00,0,0
global.js,85,js,6b0db32d,edmondjy,2026-04-23,16:00:08,-07:00,2026-04-23T16:00:08-07:00,0,0
global.js,86,js,6b0db32d,edmondjy,2026-04-23,16:00:08,-07:00,2026-04-23T16:00:08-07:00,0,36
global.js,87,js,6b0db32d,edmondjy,2026-04-23,16:00:08,-07:00,2026-04-23T16:00:08-07:00,1,3
global.js,88,js,6b0db32d,edmondjy,2026-04-23,16:00:08,-07:00,2026-04-23T16:00:08-07:00,2,32
global.js,89,js,6b0db32d,edmondjy,2026-04-23,16:00:08,-07:00,2026-04-23T16:00:08-07:00,2,0
global.js,90,js,6b0db32d,edmondjy,2026-04-23,16:00:08,-07:00,2026-04-23T16:00:08-07:00,2,17
global.js,91,js,6b0db32d,edmondjy,2026-04-23,16:00:08,-07:00,2026-04-23T16:00:08-07:00,3,66
global.js,92,js,6b0db32d,edmondjy,2026-04-23,16:00:08,-07:00,2026-04-23T16:00:08-07:00,2,0
global.js,93,js,6b0db32d,edmondjy,2026-04-23,16:00:08,-07:00,2026-04-23T16:00:08-07:00,2,0
global.js,94,js,6b0db32d,edmondjy,2026-04-23,16:00:08,-07:00,2026-04-23T16:00:08-07:00,2,20
global.js,95,js,6b0db32d,edmondjy,2026-04-23,16:00:08,-07:00,2026-04-23T16:00:08-07:00,2,0
global.js,96,js,6b0db32d,edmondjy,2026-04-23,16:00:08,-07:00,2026-04-23T16:00:08-07:00,2,33
global.js,97,js,6b0db32d,edmondjy,2026-04-23,16:00:08,-07:00,2026-04-23T16:00:08-07:00,2,10
global.js,98,js,6b0db32d,edmondjy,2026-04-23,16:00:08,-07:00,2026-04-23T16:00:08-07:00,1,15
global.js,99,js,6b0db32d,edmondjy,2026-04-23,16:00:08,-07:00,2026-04-23T16:00:08-07:00,2,59
global.js,100,js,6b0db32d,edmondjy,2026-04-23,16:00:08,-07:00,2026-04-23T16:00:08-07:00,1,0
global.js,101,js,6b0db32d,edmondjy,2026-04-23,16:00:08,-07:00,2026-04-23T16:00:08-07:00,0,0
global.js,102,js,6b0db32d,edmondjy,2026-04-23,16:00:08,-07:00,2026-04-23T16:00:08-07:00,0,0
global.js,103,js,6b0db32d,edmondjy,2026-04-23,16:00:08,-07:00,2026-04-23T16:00:08-07:00,0,79
global.js,104,js,6b0db32d,edmondjy,2026-04-23,16:00:08,-07:00,2026-04-23T16:00:08-07:00,1,30
global.js,105,js,6b0db32d,edmondjy,2026-04-23,16:00:08,-07:00,2026-04-23T16:00:08-07:00,1,0
global.js,106,js,6b0db32d,edmondjy,2026-04-23,16:00:08,-07:00,2026-04-23T16:00:08-07:00,1,39
global.js,107,js,6b0db32d,edmondjy,2026-04-23,16:00:08,-07:00,2026-04-23T16:00:08-07:00,2,60
global.js,108,js,6b0db32d,edmondjy,2026-04-23,16:00:08,-07:00,2026-04-23T16:00:08-07:00,2,5
global.js,109,js,6b0db32d,edmondjy,2026-04-23,16:00:08,-07:00,2026-04-23T16:00:08-07:00,1,0
global.js,110,js,6b0db32d,edmondjy,2026-04-23,16:00:08,-07:00,2026-04-23T16:00:08-07:00,1,0
global.js,111,js,6b0db32d,edmondjy,2026-04-23,16:00:08,-07:00,2026-04-23T16:00:08-07:00,1,29
global.js,112,js,6b0db32d,edmondjy,2026-04-23,16:00:08,-07:00,2026-04-23T16:00:08-07:00,2,48
global.js,113,js,6b0db32d,edmondjy,2026-04-23,16:00:08,-07:00,2026-04-23T16:00:08-07:00,2,0
global.js,114,js,6b0db32d,edmondjy,2026-04-23,16:00:08,-07:00,2026-04-23T16:00:08-07:00,0,0
global.js,115,js,6b0db32d,edmondjy,2026-04-23,16:00:08,-07:00,2026-04-23T16:00:08-07:00,2,29
global.js,116,js,6b0db32d,edmondjy,2026-04-23,16:00:08,-07:00,2026-04-23T16:00:08-07:00,3,53
global.js,117,js,6b0db32d,edmondjy,2026-04-23,16:00:08,-07:00,2026-04-23T16:00:08-07:00,3,3
global.js,118,js,6b0db32d,edmondjy,2026-04-23,16:00:08,-07:00,2026-04-23T16:00:08-07:00,2,0
global.js,119,js,6b0db32d,edmondjy,2026-04-23,16:00:08,-07:00,2026-04-23T16:00:08-07:00,2,22
global.js,120,js,6b0db32d,edmondjy,2026-04-23,16:00:08,-07:00,2026-04-23T16:00:08-07:00,2,56
global.js,121,js,6b0db32d,edmondjy,2026-04-23,16:00:08,-07:00,2026-04-23T16:00:08-07:00,3,88
global.js,122,js,6b0db32d,edmondjy,2026-04-23,16:00:08,-07:00,2026-04-23T16:00:08-07:00,2,31
global.js,123,js,6b0db32d,edmondjy,2026-04-23,16:00:08,-07:00,2026-04-23T16:00:08-07:00,3,47
global.js,124,js,6b0db32d,edmondjy,2026-04-23,16:00:08,-07:00,2026-04-23T16:00:08-07:00,2,0
global.js,125,js,6b0db32d,edmondjy,2026-04-23,16:00:08,-07:00,2026-04-23T16:00:08-07:00,2,0
global.js,126,js,6b0db32d,edmondjy,2026-04-23,16:00:08,-07:00,2026-04-23T16:00:08-07:00,2,19
global.js,127,js,6b0db32d,edmondjy,2026-04-23,16:00:08,-07:00,2026-04-23T16:00:08-07:00,3,49
global.js,128,js,6b0db32d,edmondjy,2026-04-23,16:00:08,-07:00,2026-04-23T16:00:08-07:00,3,10
global.js,129,js,6b0db32d,edmondjy,2026-04-23,16:00:08,-07:00,2026-04-23T16:00:08-07:00,3,15
global.js,130,js,6b0db32d,edmondjy,2026-04-23,16:00:08,-07:00,2026-04-23T16:00:08-07:00,2,0
global.js,131,js,6b0db32d,edmondjy,2026-04-23,16:00:08,-07:00,2026-04-23T16:00:08-07:00,2,0
global.js,132,js,6b0db32d,edmondjy,2026-04-23,16:00:08,-07:00,2026-04-23T16:00:08-07:00,2,36
global.js,133,js,6b0db32d,edmondjy,2026-04-23,16:00:08,-07:00,2026-04-23T16:00:08-07:00,1,0
global.js,134,js,6b0db32d,edmondjy,2026-04-23,16:00:08,-07:00,2026-04-23T16:00:08-07:00,0,0
global.js,135,js,6b0db32d,edmondjy,2026-04-23,16:00:08,-07:00,2026-04-23T16:00:08-07:00,0,0
global.js,136,js,6b0db32d,edmondjy,2026-04-23,16:00:08,-07:00,2026-04-23T16:00:08-07:00,0,47
global.js,137,js,6b0db32d,edmondjy,2026-04-23,16:00:08,-07:00,2026-04-23T16:00:08-07:00,1,59
global.js,138,js,6b0db32d,edmondjy,2026-04-23,16:00:08,-07:00,2026-04-23T16:00:08-07:00,0,0
Resume\index.html,1,html,35fd3973,edmondjy,2026-04-03,12:46:06,-07:00,2026-04-03T12:46:06-07:00,0,13
Resume\index.html,2,html,35fd3973,edmondjy,2026-04-03,12:46:06,-07:00,2026-04-03T12:46:06-07:00,0,14
Resume\index.html,3,html,35fd3973,edmondjy,2026-04-03,12:46:06,-07:00,2026-04-03T12:46:06-07:00,0,4
Resume\index.html,4,html,35fd3973,edmondjy,2026-04-03,12:46:06,-07:00,2026-04-03T12:46:06-07:00,2,20
Resume\index.html,5,html,35fd3973,edmondjy,2026-04-03,12:46:06,-07:00,2026-04-03T12:46:06-07:00,2,68
Resume\index.html,6,html,35fd3973,edmondjy,2026-04-03,12:46:06,-07:00,2026-04-03T12:46:06-07:00,2,19
Resume\index.html,7,html,35fd3973,edmondjy,2026-04-03,12:46:06,-07:00,2026-04-03T12:46:06-07:00,2,41
Resume\index.html,8,html,b49199c6,edmondjy,2026-04-17,00:35:11,-07:00,2026-04-17T00:35:11-07:00,2,48
Resume\index.html,9,html,35fd3973,edmondjy,2026-04-03,12:46:06,-07:00,2026-04-03T12:46:06-07:00,0,5
Resume\index.html,10,html,35fd3973,edmondjy,2026-04-03,12:46:06,-07:00,2026-04-03T12:46:06-07:00,0,4
Resume\index.html,11,html,275d66e7,edmondjy,2026-04-03,23:32:57,-07:00,2026-04-03T23:32:57-07:00,2,6
Resume\index.html,12,html,6ba27399,edmondjy,2026-04-08,22:13:05,-07:00,2026-04-08T22:13:05-07:00,4,13
Resume\index.html,13,html,275d66e7,edmondjy,2026-04-03,23:32:57,-07:00,2026-04-03T23:32:57-07:00,2,7
Resume\index.html,14,html,275d66e7,edmondjy,2026-04-03,23:32:57,-07:00,2026-04-03T23:32:57-07:00,0,0
Resume\index.html,15,html,275d66e7,edmondjy,2026-04-03,23:32:57,-07:00,2026-04-03T23:32:57-07:00,2,4
Resume\index.html,16,html,275d66e7,edmondjy,2026-04-03,23:32:57,-07:00,2026-04-03T23:32:57-07:00,4,20
Resume\index.html,17,html,275d66e7,edmondjy,2026-04-03,23:32:57,-07:00,2026-04-03T23:32:57-07:00,6,27
Resume\index.html,18,html,275d66e7,edmondjy,2026-04-03,23:32:57,-07:00,2026-04-03T23:32:57-07:00,6,139
Resume\index.html,19,html,275d66e7,edmondjy,2026-04-03,23:32:57,-07:00,2026-04-03T23:32:57-07:00,4,8
Resume\index.html,20,html,275d66e7,edmondjy,2026-04-03,23:32:57,-07:00,2026-04-03T23:32:57-07:00,0,0
Resume\index.html,21,html,275d66e7,edmondjy,2026-04-03,23:32:57,-07:00,2026-04-03T23:32:57-07:00,4,22
Resume\index.html,22,html,275d66e7,edmondjy,2026-04-03,23:32:57,-07:00,2026-04-03T23:32:57-07:00,6,16
Resume\index.html,23,html,275d66e7,edmondjy,2026-04-03,23:32:57,-07:00,2026-04-03T23:32:57-07:00,6,7
Resume\index.html,24,html,275d66e7,edmondjy,2026-04-03,23:32:57,-07:00,2026-04-03T23:32:57-07:00,8,42
Resume\index.html,25,html,275d66e7,edmondjy,2026-04-03,23:32:57,-07:00,2026-04-03T23:32:57-07:00,8,40
Resume\index.html,26,html,275d66e7,edmondjy,2026-04-03,23:32:57,-07:00,2026-04-03T23:32:57-07:00,8,96
Resume\index.html,27,html,275d66e7,edmondjy,2026-04-03,23:32:57,-07:00,2026-04-03T23:32:57-07:00,6,8
Resume\index.html,28,html,275d66e7,edmondjy,2026-04-03,23:32:57,-07:00,2026-04-03T23:32:57-07:00,4,8
Resume\index.html,29,html,275d66e7,edmondjy,2026-04-03,23:32:57,-07:00,2026-04-03T23:32:57-07:00,0,0
Resume\index.html,30,html,275d66e7,edmondjy,2026-04-03,23:32:57,-07:00,2026-04-03T23:32:57-07:00,3,0
Resume\index.html,31,html,275d66e7,edmondjy,2026-04-03,23:32:57,-07:00,2026-04-03T23:32:57-07:00,4,19
Resume\index.html,32,html,275d66e7,edmondjy,2026-04-03,23:32:57,-07:00,2026-04-03T23:32:57-07:00,6,13
Resume\index.html,33,html,275d66e7,edmondjy,2026-04-03,23:32:57,-07:00,2026-04-03T23:32:57-07:00,6,2
Resume\index.html,34,html,275d66e7,edmondjy,2026-04-03,23:32:57,-07:00,2026-04-03T23:32:57-07:00,8,51
Resume\index.html,35,html,275d66e7,edmondjy,2026-04-03,23:32:57,-07:00,2026-04-03T23:32:57-07:00,8,73
Resume\index.html,36,html,275d66e7,edmondjy,2026-04-03,23:32:57,-07:00,2026-04-03T23:32:57-07:00,8,68
Resume\index.html,37,html,275d66e7,edmondjy,2026-04-03,23:32:57,-07:00,2026-04-03T23:32:57-07:00,6,3
Resume\index.html,38,html,275d66e7,edmondjy,2026-04-03,23:32:57,-07:00,2026-04-03T23:32:57-07:00,4,8
Resume\index.html,39,html,275d66e7,edmondjy,2026-04-03,23:32:57,-07:00,2026-04-03T23:32:57-07:00,0,0
Resume\index.html,40,html,275d66e7,edmondjy,2026-04-03,23:32:57,-07:00,2026-04-03T23:32:57-07:00,4,16
Resume\index.html,41,html,275d66e7,edmondjy,2026-04-03,23:32:57,-07:00,2026-04-03T23:32:57-07:00,6,17
Resume\index.html,42,html,275d66e7,edmondjy,2026-04-03,23:32:57,-07:00,2026-04-03T23:32:57-07:00,6,69
Resume\index.html,43,html,275d66e7,edmondjy,2026-04-03,23:32:57,-07:00,2026-04-03T23:32:57-07:00,6,68
Resume\index.html,44,html,275d66e7,edmondjy,2026-04-03,23:32:57,-07:00,2026-04-03T23:32:57-07:00,4,8
Resume\index.html,45,html,275d66e7,edmondjy,2026-04-03,23:32:57,-07:00,2026-04-03T23:32:57-07:00,2,5
Resume\index.html,46,html,275d66e7,edmondjy,2026-04-03,23:32:57,-07:00,2026-04-03T23:32:57-07:00,0,0
Resume\index.html,47,html,275d66e7,edmondjy,2026-04-03,23:32:57,-07:00,2026-04-03T23:32:57-07:00,2,6
Resume\index.html,48,html,275d66e7,edmondjy,2026-04-03,23:32:57,-07:00,2026-04-03T23:32:57-07:00,4,45
Resume\index.html,49,html,275d66e7,edmondjy,2026-04-03,23:32:57,-07:00,2026-04-03T23:32:57-07:00,2,7
Resume\index.html,50,html,35fd3973,edmondjy,2026-04-03,12:46:06,-07:00,2026-04-03T12:46:06-07:00,0,5
Resume\index.html,51,html,35fd3973,edmondjy,2026-04-03,12:46:06,-07:00,2026-04-03T12:46:06-07:00,0,5
projects\projects.js,1,js,6b0db32d,edmondjy,2026-04-23,16:00:08,-07:00,2026-04-23T16:00:08-07:00,0,55
projects\projects.js,2,js,03269cc4,edmondjy,2026-04-30,20:21:27,-07:00,2026-04-30T20:21:27-07:00,0,63
projects\projects.js,3,js,6b0db32d,edmondjy,2026-04-23,16:00:08,-07:00,2026-04-23T16:00:08-07:00,0,0
projects\projects.js,4,js,6b0db32d,edmondjy,2026-04-23,16:00:08,-07:00,2026-04-23T16:00:08-07:00,0,55
projects\projects.js,5,js,6b0db32d,edmondjy,2026-04-23,16:00:08,-07:00,2026-04-23T16:00:08-07:00,0,60
projects\projects.js,6,js,03269cc4,edmondjy,2026-04-30,20:21:27,-07:00,2026-04-30T20:21:27-07:00,0,62
projects\projects.js,7,js,6b0db32d,edmondjy,2026-04-23,16:00:08,-07:00,2026-04-23T16:00:08-07:00,0,0
projects\projects.js,8,js,03269cc4,edmondjy,2026-04-30,20:21:27,-07:00,2026-04-30T20:21:27-07:00,0,13
projects\projects.js,9,js,03269cc4,edmondjy,2026-04-30,20:21:27,-07:00,2026-04-30T20:21:27-07:00,0,22
projects\projects.js,10,js,6b0db32d,edmondjy,2026-04-23,16:00:08,-07:00,2026-04-23T16:00:08-07:00,0,0
projects\projects.js,11,js,03269cc4,edmondjy,2026-04-30,20:21:27,-07:00,2026-04-30T20:21:27-07:00,0,57
projects\projects.js,12,js,03269cc4,edmondjy,2026-04-30,20:21:27,-07:00,2026-04-30T20:21:27-07:00,0,47
projects\projects.js,13,js,03269cc4,edmondjy,2026-04-30,20:21:27,-07:00,2026-04-30T20:21:27-07:00,0,0
projects\projects.js,14,js,03269cc4,edmondjy,2026-04-30,20:21:27,-07:00,2026-04-30T20:21:27-07:00,0,0
projects\projects.js,15,js,03269cc4,edmondjy,2026-04-30,20:21:27,-07:00,2026-04-30T20:21:27-07:00,0,34
projects\projects.js,16,js,03269cc4,edmondjy,2026-04-30,20:21:27,-07:00,2026-04-30T20:21:27-07:00,1,51
projects\projects.js,17,js,03269cc4,edmondjy,2026-04-30,20:21:27,-07:00,2026-04-30T20:21:27-07:00,2,111
projects\projects.js,18,js,03269cc4,edmondjy,2026-04-30,20:21:27,-07:00,2026-04-30T20:21:27-07:00,2,71
projects\projects.js,19,js,03269cc4,edmondjy,2026-04-30,20:21:27,-07:00,2026-04-30T20:21:27-07:00,2,33
projects\projects.js,20,js,03269cc4,edmondjy,2026-04-30,20:21:27,-07:00,2026-04-30T20:21:27-07:00,1,1
projects\projects.js,21,js,03269cc4,edmondjy,2026-04-30,20:21:27,-07:00,2026-04-30T20:21:27-07:00,0,0
projects\projects.js,22,js,03269cc4,edmondjy,2026-04-30,20:21:27,-07:00,2026-04-30T20:21:27-07:00,1,56
projects\projects.js,23,js,03269cc4,edmondjy,2026-04-30,20:21:27,-07:00,2026-04-30T20:21:27-07:00,1,0
projects\projects.js,24,js,03269cc4,edmondjy,2026-04-30,20:21:27,-07:00,2026-04-30T20:21:27-07:00,1,18
projects\projects.js,25,js,03269cc4,edmondjy,2026-04-30,20:21:27,-07:00,2026-04-30T20:21:27-07:00,2,66
projects\projects.js,26,js,03269cc4,edmondjy,2026-04-30,20:21:27,-07:00,2026-04-30T20:21:27-07:00,1,0
projects\projects.js,27,js,03269cc4,edmondjy,2026-04-30,20:21:27,-07:00,2026-04-30T20:21:27-07:00,0,0
projects\projects.js,28,js,03269cc4,edmondjy,2026-04-30,20:21:27,-07:00,2026-04-30T20:21:27-07:00,0,0
projects\projects.js,29,js,03269cc4,edmondjy,2026-04-30,20:21:27,-07:00,2026-04-30T20:21:27-07:00,0,38
projects\projects.js,30,js,03269cc4,edmondjy,2026-04-30,20:21:27,-07:00,2026-04-30T20:21:27-07:00,1,43
projects\projects.js,31,js,03269cc4,edmondjy,2026-04-30,20:21:27,-07:00,2026-04-30T20:21:27-07:00,1,32
projects\projects.js,32,js,03269cc4,edmondjy,2026-04-30,20:21:27,-07:00,2026-04-30T20:21:27-07:00,1,32
projects\projects.js,33,js,03269cc4,edmondjy,2026-04-30,20:21:27,-07:00,2026-04-30T20:21:27-07:00,1,29
projects\projects.js,34,js,03269cc4,edmondjy,2026-04-30,20:21:27,-07:00,2026-04-30T20:21:27-07:00,0,0
projects\projects.js,35,js,03269cc4,edmondjy,2026-04-30,20:21:27,-07:00,2026-04-30T20:21:27-07:00,1,29
projects\projects.js,36,js,03269cc4,edmondjy,2026-04-30,20:21:27,-07:00,2026-04-30T20:21:27-07:00,2,12
projects\projects.js,37,js,03269cc4,edmondjy,2026-04-30,20:21:27,-07:00,2026-04-30T20:21:27-07:00,2,14
projects\projects.js,38,js,03269cc4,edmondjy,2026-04-30,20:21:27,-07:00,2026-04-30T20:21:27-07:00,2,11
projects\projects.js,39,js,03269cc4,edmondjy,2026-04-30,20:21:27,-07:00,2026-04-30T20:21:27-07:00,1,0
projects\projects.js,40,js,03269cc4,edmondjy,2026-04-30,20:21:27,-07:00,2026-04-30T20:21:27-07:00,0,0
projects\projects.js,41,js,03269cc4,edmondjy,2026-04-30,20:21:27,-07:00,2026-04-30T20:21:27-07:00,1,50
projects\projects.js,42,js,03269cc4,edmondjy,2026-04-30,20:21:27,-07:00,2026-04-30T20:21:27-07:00,2,35
projects\projects.js,43,js,03269cc4,edmondjy,2026-04-30,20:21:27,-07:00,2026-04-30T20:21:27-07:00,1,1
projects\projects.js,44,js,03269cc4,edmondjy,2026-04-30,20:21:27,-07:00,2026-04-30T20:21:27-07:00,0,0
projects\projects.js,45,js,03269cc4,edmondjy,2026-04-30,20:21:27,-07:00,2026-04-30T20:21:27-07:00,1,53
projects\projects.js,46,js,03269cc4,edmondjy,2026-04-30,20:21:27,-07:00,2026-04-30T20:21:27-07:00,1,42
projects\projects.js,47,js,03269cc4,edmondjy,2026-04-30,20:21:27,-07:00,2026-04-30T20:21:27-07:00,1,51
projects\projects.js,48,js,03269cc4,edmondjy,2026-04-30,20:21:27,-07:00,2026-04-30T20:21:27-07:00,0,0
projects\projects.js,49,js,03269cc4,edmondjy,2026-04-30,20:21:27,-07:00,2026-04-30T20:21:27-07:00,1,69
projects\projects.js,50,js,03269cc4,edmondjy,2026-04-30,20:21:27,-07:00,2026-04-30T20:21:27-07:00,0,0
projects\projects.js,51,js,03269cc4,edmondjy,2026-04-30,20:21:27,-07:00,2026-04-30T20:21:27-07:00,1,27
projects\projects.js,52,js,03269cc4,edmondjy,2026-04-30,20:21:27,-07:00,2026-04-30T20:21:27-07:00,2,4
projects\projects.js,53,js,03269cc4,edmondjy,2026-04-30,20:21:27,-07:00,2026-04-30T20:21:27-07:00,3,13
projects\projects.js,54,js,03269cc4,edmondjy,2026-04-30,20:21:27,-07:00,2026-04-30T20:21:27-07:00,3,13
projects\projects.js,55,js,03269cc4,edmondjy,2026-04-30,20:21:27,-07:00,2026-04-30T20:21:27-07:00,3,22
projects\projects.js,56,js,03269cc4,edmondjy,2026-04-30,20:21:27,-07:00,2026-04-30T20:21:27-07:00,3,51
projects\projects.js,57,js,03269cc4,edmondjy,2026-04-30,20:21:27,-07:00,2026-04-30T20:21:27-07:00,3,18
projects\projects.js,58,js,03269cc4,edmondjy,2026-04-30,20:21:27,-07:00,2026-04-30T20:21:27-07:00,4,43
projects\projects.js,59,js,03269cc4,edmondjy,2026-04-30,20:21:27,-07:00,2026-04-30T20:21:27-07:00,4,0
projects\projects.js,60,js,03269cc4,edmondjy,2026-04-30,20:21:27,-07:00,2026-04-30T20:21:27-07:00,4,72
projects\projects.js,61,js,03269cc4,edmondjy,2026-04-30,20:21:27,-07:00,2026-04-30T20:21:27-07:00,0,0
projects\projects.js,62,js,03269cc4,edmondjy,2026-04-30,20:21:27,-07:00,2026-04-30T20:21:27-07:00,4,4
projects\projects.js,63,js,03269cc4,edmondjy,2026-04-30,20:21:27,-07:00,2026-04-30T20:21:27-07:00,5,16
projects\projects.js,64,js,03269cc4,edmondjy,2026-04-30,20:21:27,-07:00,2026-04-30T20:21:27-07:00,5,68
projects\projects.js,65,js,03269cc4,edmondjy,2026-04-30,20:21:27,-07:00,2026-04-30T20:21:27-07:00,4,4
projects\projects.js,66,js,03269cc4,edmondjy,2026-04-30,20:21:27,-07:00,2026-04-30T20:21:27-07:00,5,14
projects\projects.js,67,js,03269cc4,edmondjy,2026-04-30,20:21:27,-07:00,2026-04-30T20:21:27-07:00,5,91
projects\projects.js,68,js,03269cc4,edmondjy,2026-04-30,20:21:27,-07:00,2026-04-30T20:21:27-07:00,0,0
projects\projects.js,69,js,03269cc4,edmondjy,2026-04-30,20:21:27,-07:00,2026-04-30T20:21:27-07:00,4,24
projects\projects.js,70,js,03269cc4,edmondjy,2026-04-30,20:21:27,-07:00,2026-04-30T20:21:27-07:00,3,1
projects\projects.js,71,js,03269cc4,edmondjy,2026-04-30,20:21:27,-07:00,2026-04-30T20:21:27-07:00,1,1
projects\projects.js,72,js,03269cc4,edmondjy,2026-04-30,20:21:27,-07:00,2026-04-30T20:21:27-07:00,0,0
projects\projects.js,73,js,03269cc4,edmondjy,2026-04-30,20:21:27,-07:00,2026-04-30T20:21:27-07:00,1,27
projects\projects.js,74,js,03269cc4,edmondjy,2026-04-30,20:21:27,-07:00,2026-04-30T20:21:27-07:00,2,4
projects\projects.js,75,js,03269cc4,edmondjy,2026-04-30,20:21:27,-07:00,2026-04-30T20:21:27-07:00,3,11
projects\projects.js,76,js,03269cc4,edmondjy,2026-04-30,20:21:27,-07:00,2026-04-30T20:21:27-07:00,3,76
projects\projects.js,77,js,03269cc4,edmondjy,2026-04-30,20:21:27,-07:00,2026-04-30T20:21:27-07:00,3,38
projects\projects.js,78,js,03269cc4,edmondjy,2026-04-30,20:21:27,-07:00,2026-04-30T20:21:27-07:00,3,69
projects\projects.js,79,js,03269cc4,edmondjy,2026-04-30,20:21:27,-07:00,2026-04-30T20:21:27-07:00,1,1
projects\projects.js,80,js,03269cc4,edmondjy,2026-04-30,20:21:27,-07:00,2026-04-30T20:21:27-07:00,0,0
projects\projects.js,81,js,03269cc4,edmondjy,2026-04-30,20:21:27,-07:00,2026-04-30T20:21:27-07:00,0,0
projects\projects.js,82,js,03269cc4,edmondjy,2026-04-30,20:21:27,-07:00,2026-04-30T20:21:27-07:00,0,24
projects\projects.js,83,js,03269cc4,edmondjy,2026-04-30,20:21:27,-07:00,2026-04-30T20:21:27-07:00,0,23
projects\projects.js,84,js,03269cc4,edmondjy,2026-04-30,20:21:27,-07:00,2026-04-30T20:21:27-07:00,0,0
projects\projects.js,85,js,03269cc4,edmondjy,2026-04-30,20:21:27,-07:00,2026-04-30T20:21:27-07:00,0,53
projects\projects.js,86,js,03269cc4,edmondjy,2026-04-30,20:21:27,-07:00,2026-04-30T20:21:27-07:00,0,48
projects\projects.js,87,js,03269cc4,edmondjy,2026-04-30,20:21:27,-07:00,2026-04-30T20:21:27-07:00,1,25
projects\projects.js,88,js,03269cc4,edmondjy,2026-04-30,20:21:27,-07:00,2026-04-30T20:21:27-07:00,1,0
projects\projects.js,89,js,03269cc4,edmondjy,2026-04-30,20:21:27,-07:00,2026-04-30T20:21:27-07:00,0,0
projects\projects.js,90,js,03269cc4,edmondjy,2026-04-30,20:21:27,-07:00,2026-04-30T20:21:27-07:00,1,50
projects\projects.js,91,js,03269cc4,edmondjy,2026-04-30,20:21:27,-07:00,2026-04-30T20:21:27-07:00,2,99
projects\projects.js,92,js,03269cc4,edmondjy,2026-04-30,20:21:27,-07:00,2026-04-30T20:21:27-07:00,1,1
projects\projects.js,93,js,03269cc4,edmondjy,2026-04-30,20:21:27,-07:00,2026-04-30T20:21:27-07:00,0,0
projects\projects.js,94,js,03269cc4,edmondjy,2026-04-30,20:21:27,-07:00,2026-04-30T20:21:27-07:00,1,30
projects\projects.js,95,js,03269cc4,edmondjy,2026-04-30,20:21:27,-07:00,2026-04-30T20:21:27-07:00,1,68
projects\projects.js,96,js,03269cc4,edmondjy,2026-04-30,20:21:27,-07:00,2026-04-30T20:21:27-07:00,0,1
projects\index.html,1,html,275d66e7,edmondjy,2026-04-03,23:32:57,-07:00,2026-04-03T23:32:57-07:00,0,13
projects\index.html,2,html,275d66e7,edmondjy,2026-04-03,23:32:57,-07:00,2026-04-03T23:32:57-07:00,0,14
projects\index.html,3,html,275d66e7,edmondjy,2026-04-03,23:32:57,-07:00,2026-04-03T23:32:57-07:00,0,4
projects\index.html,4,html,275d66e7,edmondjy,2026-04-03,23:32:57,-07:00,2026-04-03T23:32:57-07:00,2,20
projects\index.html,5,html,275d66e7,edmondjy,2026-04-03,23:32:57,-07:00,2026-04-03T23:32:57-07:00,2,68
projects\index.html,6,html,275d66e7,edmondjy,2026-04-03,23:32:57,-07:00,2026-04-03T23:32:57-07:00,2,21
projects\index.html,7,html,275d66e7,edmondjy,2026-04-03,23:32:57,-07:00,2026-04-03T23:32:57-07:00,2,41
projects\index.html,8,html,b49199c6,edmondjy,2026-04-17,00:35:11,-07:00,2026-04-17T00:35:11-07:00,2,48
projects\index.html,9,html,275d66e7,edmondjy,2026-04-03,23:32:57,-07:00,2026-04-03T23:32:57-07:00,0,5
projects\index.html,10,html,275d66e7,edmondjy,2026-04-03,23:32:57,-07:00,2026-04-03T23:32:57-07:00,0,4
projects\index.html,11,html,275d66e7,edmondjy,2026-04-03,23:32:57,-07:00,2026-04-03T23:32:57-07:00,2,6
projects\index.html,12,html,6b0db32d,edmondjy,2026-04-23,16:00:08,-07:00,2026-04-23T16:00:08-07:00,4,38
projects\index.html,13,html,275d66e7,edmondjy,2026-04-03,23:32:57,-07:00,2026-04-03T23:32:57-07:00,2,7
projects\index.html,14,html,275d66e7,edmondjy,2026-04-03,23:32:57,-07:00,2026-04-03T23:32:57-07:00,0,0
projects\index.html,15,html,275d66e7,edmondjy,2026-04-03,23:32:57,-07:00,2026-04-03T23:32:57-07:00,2,4
projects\index.html,16,html,03269cc4,edmondjy,2026-04-30,20:21:27,-07:00,2026-04-30T20:21:27-07:00,4,21
projects\index.html,17,html,03269cc4,edmondjy,2026-04-30,20:21:27,-07:00,2026-04-30T20:21:27-07:00,6,58
projects\index.html,18,html,03269cc4,edmondjy,2026-04-30,20:21:27,-07:00,2026-04-30T20:21:27-07:00,6,22
projects\index.html,19,html,03269cc4,edmondjy,2026-04-30,20:21:27,-07:00,2026-04-30T20:21:27-07:00,4,4
projects\index.html,20,html,03269cc4,edmondjy,2026-04-30,20:21:27,-07:00,2026-04-30T20:21:27-07:00,0,0
projects\index.html,21,html,03269cc4,edmondjy,2026-04-30,20:21:27,-07:00,2026-04-30T20:21:27-07:00,4,102
projects\index.html,22,html,03269cc4,edmondjy,2026-04-30,20:21:27,-07:00,2026-04-30T20:21:27-07:00,0,0
projects\index.html,23,html,6b0db32d,edmondjy,2026-04-23,16:00:08,-07:00,2026-04-23T16:00:08-07:00,4,24
projects\index.html,24,html,03269cc4,edmondjy,2026-04-30,20:21:27,-07:00,2026-04-30T20:21:27-07:00,6,8
projects\index.html,25,html,275d66e7,edmondjy,2026-04-03,23:32:57,-07:00,2026-04-03T23:32:57-07:00,2,5
projects\index.html,26,html,275d66e7,edmondjy,2026-04-03,23:32:57,-07:00,2026-04-03T23:32:57-07:00,0,0
projects\index.html,27,html,6b0db32d,edmondjy,2026-04-23,16:00:08,-07:00,2026-04-23T16:00:08-07:00,2,47
projects\index.html,28,html,6b0db32d,edmondjy,2026-04-23,16:00:08,-07:00,2026-04-23T16:00:08-07:00,0,0
projects\index.html,29,html,275d66e7,edmondjy,2026-04-03,23:32:57,-07:00,2026-04-03T23:32:57-07:00,2,6
projects\index.html,30,html,275d66e7,edmondjy,2026-04-03,23:32:57,-07:00,2026-04-03T23:32:57-07:00,4,45
projects\index.html,31,html,275d66e7,edmondjy,2026-04-03,23:32:57,-07:00,2026-04-03T23:32:57-07:00,2,7
projects\index.html,32,html,275d66e7,edmondjy,2026-04-03,23:32:57,-07:00,2026-04-03T23:32:57-07:00,0,5
projects\index.html,33,html,275d66e7,edmondjy,2026-04-03,23:32:57,-07:00,2026-04-03T23:32:57-07:00,0,5
contact\index.html,1,html,275d66e7,edmondjy,2026-04-03,23:32:57,-07:00,2026-04-03T23:32:57-07:00,0,13
contact\index.html,2,html,275d66e7,edmondjy,2026-04-03,23:32:57,-07:00,2026-04-03T23:32:57-07:00,0,14
contact\index.html,3,html,275d66e7,edmondjy,2026-04-03,23:32:57,-07:00,2026-04-03T23:32:57-07:00,0,4
contact\index.html,4,html,275d66e7,edmondjy,2026-04-03,23:32:57,-07:00,2026-04-03T23:32:57-07:00,2,20
contact\index.html,5,html,275d66e7,edmondjy,2026-04-03,23:32:57,-07:00,2026-04-03T23:32:57-07:00,2,68
contact\index.html,6,html,275d66e7,edmondjy,2026-04-03,23:32:57,-07:00,2026-04-03T23:32:57-07:00,2,20
contact\index.html,7,html,275d66e7,edmondjy,2026-04-03,23:32:57,-07:00,2026-04-03T23:32:57-07:00,2,41
contact\index.html,8,html,b49199c6,edmondjy,2026-04-17,00:35:11,-07:00,2026-04-17T00:35:11-07:00,2,48
contact\index.html,9,html,275d66e7,edmondjy,2026-04-03,23:32:57,-07:00,2026-04-03T23:32:57-07:00,0,5
contact\index.html,10,html,275d66e7,edmondjy,2026-04-03,23:32:57,-07:00,2026-04-03T23:32:57-07:00,0,4
contact\index.html,11,html,275d66e7,edmondjy,2026-04-03,23:32:57,-07:00,2026-04-03T23:32:57-07:00,2,6
contact\index.html,12,html,6ba27399,edmondjy,2026-04-08,22:13:05,-07:00,2026-04-08T22:13:05-07:00,4,14
contact\index.html,13,html,275d66e7,edmondjy,2026-04-03,23:32:57,-07:00,2026-04-03T23:32:57-07:00,2,7
contact\index.html,14,html,275d66e7,edmondjy,2026-04-03,23:32:57,-07:00,2026-04-03T23:32:57-07:00,0,0
contact\index.html,15,html,275d66e7,edmondjy,2026-04-03,23:32:57,-07:00,2026-04-03T23:32:57-07:00,2,4
contact\index.html,16,html,275d66e7,edmondjy,2026-04-03,23:32:57,-07:00,2026-04-03T23:32:57-07:00,4,85
contact\index.html,17,html,275d66e7,edmondjy,2026-04-03,23:32:57,-07:00,2026-04-03T23:32:57-07:00,4,74
contact\index.html,18,html,275d66e7,edmondjy,2026-04-03,23:32:57,-07:00,2026-04-03T23:32:57-07:00,6,35
contact\index.html,19,html,275d66e7,edmondjy,2026-04-03,23:32:57,-07:00,2026-04-03T23:32:57-07:00,6,46
contact\index.html,20,html,275d66e7,edmondjy,2026-04-03,23:32:57,-07:00,2026-04-03T23:32:57-07:00,6,39
contact\index.html,21,html,275d66e7,edmondjy,2026-04-03,23:32:57,-07:00,2026-04-03T23:32:57-07:00,6,37
contact\index.html,22,html,275d66e7,edmondjy,2026-04-03,23:32:57,-07:00,2026-04-03T23:32:57-07:00,6,33
contact\index.html,23,html,275d66e7,edmondjy,2026-04-03,23:32:57,-07:00,2026-04-03T23:32:57-07:00,6,45
contact\index.html,24,html,275d66e7,edmondjy,2026-04-03,23:32:57,-07:00,2026-04-03T23:32:57-07:00,6,21
contact\index.html,25,html,275d66e7,edmondjy,2026-04-03,23:32:57,-07:00,2026-04-03T23:32:57-07:00,4,5
contact\index.html,26,html,275d66e7,edmondjy,2026-04-03,23:32:57,-07:00,2026-04-03T23:32:57-07:00,2,5
contact\index.html,27,html,275d66e7,edmondjy,2026-04-03,23:32:57,-07:00,2026-04-03T23:32:57-07:00,0,0
contact\index.html,28,html,275d66e7,edmondjy,2026-04-03,23:32:57,-07:00,2026-04-03T23:32:57-07:00,2,6
contact\index.html,29,html,48798644,edmondjy,2026-04-10,23:28:04,-07:00,2026-04-10T23:28:04-07:00,4,45
contact\index.html,30,html,275d66e7,edmondjy,2026-04-03,23:32:57,-07:00,2026-04-03T23:32:57-07:00,2,7
contact\index.html,31,html,275d66e7,edmondjy,2026-04-03,23:32:57,-07:00,2026-04-03T23:32:57-07:00,0,5
contact\index.html,32,html,275d66e7,edmondjy,2026-04-03,23:32:57,-07:00,2026-04-03T23:32:57-07:00,0,5
